{
  "Tree Branch": {
    "ItemCategory": "Resource",
    "StackSize": 64,
    "Description": "A sturdy tree branch that can be used for crafting."
  },
  "Potion": {
    "ItemCategory": "Consumable",
    "AddHealth": 5,
    "AddEnergy": 32,
    "StackSize": 64,
    "Description": "It smells like some sort of calpol, maybe its medicine."
  },
  "Axe": {
    "ItemCategory": "Sword",
    "ItemAttack": 3,
    "ItemSpeed": 0.75, 
    "StackSize": 1,
    "Description": "Quite a rusty old Axe, but should be able to get the job done."
  },
  "Brown Shirt": {
    "ItemCategory": "Shirt",
    "StackSize": 1,
    "Description": "A brown shirt!!"
  },
  "Blue Jeans": {
    "ItemCategory": "Pants",
    "StackSize": 1,
    "Description": "Blue jeans!!"
  },
  "Brown Boots": {
    "ItemCategory": "Shoes",
    "StackSize": 1,
    "Description": "Some dirty boots!!"
  }
}
